attempt_id,label,fixture,mode,observation_budget_us,inventory_sha256,outcome,eligible,exclusion_reason,completion_elapsed_us,observation_elapsed_us,worker_stopped,physical_confirmation,request_sha256,result_sha256,physical_confirmation_sha256,configuration_load_us,database_open_validation_us,instance_commit_us,persistence_component_setup_us,communicator_state_load_us
1791195455848802409-9d2435fb,warm-01,pilot,warm,10000000,3eede4215f79db1b016aa1316edcab09878d9279a54d54f13a812b0639c144f2,SUCCESS,True,,864112,864525,True,,efc796d0f0aec5a06d97869ebb7e0f99cd5bb3c5f507e3680cd73813c31bf6b0,1ef0bbcd94005464233bcdc08894f40c93832804fa36e5e13377a12ca6479a6a,,1519,523124,15214,321409,2127
1791195486206446702-854f1111,warm-02,pilot,warm,10000000,3eede4215f79db1b016aa1316edcab09878d9279a54d54f13a812b0639c144f2,SUCCESS,True,,869809,870249,True,,554bf4480f38bf9c769fc41e76a94af9689f66ece5ff16d3d930e412323c45d5,06059d142efd85162e338ae3c69927445cfd5614c0ce51447a0ab1db8f5c5cda,,1561,524209,17578,323589,2087
1791195492338736016-5d72d54c,warm-03,pilot,warm,10000000,3eede4215f79db1b016aa1316edcab09878d9279a54d54f13a812b0639c144f2,SUCCESS,True,,866793,867215,True,,fb9b79fcb7f87716e6db4cf0d443377871153848f43959e052a473ee18efff9f,f4c12d1fb2c044dfc9e1a2eca1a9bd7b15fbf2be3e7d43a6b15145e8eba519f6,,1520,522370,19833,320251,2102
1791195498913456485-87015b97,warm-04,pilot,warm,10000000,3eede4215f79db1b016aa1316edcab09878d9279a54d54f13a812b0639c144f2,SUCCESS,True,,879983,880425,True,,79815ce905d1649195d59ca27b455115085970079be7a57de48fe66facdbe8d6,b39116cc1e4e2c9e56d477bd7ed8222ff0733e0804c01e6c1f219daabf03be6b,,1524,522232,29705,323679,2123
1791195505192045045-8b48c4dd,warm-05,pilot,warm,10000000,3eede4215f79db1b016aa1316edcab09878d9279a54d54f13a812b0639c144f2,SUCCESS,True,,864718,865150,True,,18d2b62510e71503477d9d066877a6789c64dcdcc93fa29cad33f22672ba0a2f,dde869b45645ff9620d6cc2bc3a4900b6c3916de0873d43a0375119f054d89b4,,1505,520674,18168,321574,2085
1791195546889560588-566e63a9,warm-06,pilot,warm,10000000,3eede4215f79db1b016aa1316edcab09878d9279a54d54f13a812b0639c144f2,SUCCESS,True,,905867,906290,True,,dc8d219bad500038d58945387001c68dc22bfba8c84233a28328735e748f4424,ca40982b102ab284ab129f2c0d6ab8d917f5fda78d4a6a98ed311e6c9eb92ccb,,1505,520572,34812,346146,2077
1791195553564117459-b5612a8e,warm-07,pilot,warm,10000000,3eede4215f79db1b016aa1316edcab09878d9279a54d54f13a812b0639c144f2,SUCCESS,True,,881504,881919,True,,0ca5e155d3d362a0316718c3bf27f38d6dcd26cc730259e0f6e662d905fb04a0,a04551eed0cc8e217d970c59d45eb41acb0ba5fb8c56a3fb2cb81ec10628c810,,1507,524243,32596,320382,2046
1791195560232097392-9d345999,warm-08,pilot,warm,10000000,3eede4215f79db1b016aa1316edcab09878d9279a54d54f13a812b0639c144f2,SUCCESS,True,,919359,919769,True,,2ad46fced421f3166a91551d5b16bf2dee92bff67dd34a0a7e2826ab74944238,010d7792819f188213a6c3d598d277afd4d2a53aff45ad96f889b3b4b2f67f15,,1608,522033,71702,321174,2145
1791195567078361988-cc1af8fc,warm-09,pilot,warm,10000000,3eede4215f79db1b016aa1316edcab09878d9279a54d54f13a812b0639c144f2,SUCCESS,True,,962892,963307,True,,c9a99518ed90b87eaa5dc477b8635c9b0ea0469f2128cb9a60e7f39abed1926a,a1eee4817020708ff1abe18593401f1f8fc97efadb8adb40b39aa564425e30c5,,1600,526250,75143,357055,2111
1791195573683386899-5a5870bd,warm-10,pilot,warm,10000000,3eede4215f79db1b016aa1316edcab09878d9279a54d54f13a812b0639c144f2,SUCCESS,True,,915099,915511,True,,e54071a85bef8ded67cf7807291e768273de828deb62e928f72fdfb5fae3d9f5,cb313e78b0a90bf21b2d9daea0632e8c0ecad7a65ff010fc425640b61818fe0b,,1576,522668,66396,321652,2093
1791195597402322792-3a0aad0a,warm-11,pilot,warm,10000000,3eede4215f79db1b016aa1316edcab09878d9279a54d54f13a812b0639c144f2,SUCCESS,True,,886712,887138,True,,2bafa7d7ba0aab1ff943ff8a96e835487ededbc51a4143e1df94faa4bb2778e6,3782bf1e05b1382313aa17ebd05b190fd30f90b10f2684208f71fbd948b462ac,,1502,520952,40981,320494,2081
1791195603852594245-0b289bf0,warm-12,pilot,warm,10000000,3eede4215f79db1b016aa1316edcab09878d9279a54d54f13a812b0639c144f2,SUCCESS,True,,867800,868215,True,,f4cf3997c746de82826e46d0c50f8e3d86e89bf432dd2ee14ee51a12f135c613,7d7462fc1e6c43b8e499896bbb43a7c7c0997ebbbff756b6b5940abddd329403,,1517,520852,17370,325219,2101
1791195610421372404-79697563,warm-13,pilot,warm,10000000,3eede4215f79db1b016aa1316edcab09878d9279a54d54f13a812b0639c144f2,SUCCESS,True,,878467,878906,True,,3f80db6253157298411cc0a5d737fc4e6e80868562fbc55cd55fba96464a6bbd,a724cab20fd26a6ffd6df038b3d7401f3e7388a5a53132271f9ebaedcbd945c8,,1975,534320,17682,321565,2054
1791195616609819613-8904111d,warm-14,pilot,warm,10000000,3eede4215f79db1b016aa1316edcab09878d9279a54d54f13a812b0639c144f2,SUCCESS,True,,866476,866920,True,,1ada023acd6c9bf21145666e8479206fd9ff1d384c1742c7d47da355f02546a0,78e27fe3035f66f8700e3df091b7d8faee55c1a9d5ff085f29be5d0ae8e09bdd,,1547,520122,18607,323361,2087
1791195622901344300-0862b4f7,warm-15,pilot,warm,10000000,3eede4215f79db1b016aa1316edcab09878d9279a54d54f13a812b0639c144f2,SUCCESS,True,,867650,868072,True,,860cc0fede1c5a8b1b05805e8bce428a8f5e20c1a8e8092158050dccde636daf,94e9d094b74ae789f37b9c967884417228b2371b905cda6893b63585b41a78c1,,1513,524013,17789,321492,2124
1791195645120094542-0348a31c,warm-16,pilot,warm,10000000,3eede4215f79db1b016aa1316edcab09878d9279a54d54f13a812b0639c144f2,SUCCESS,True,,878590,879010,True,,4df43bb7d11efba10a6d567d0b9c50cd6baaa59c53276e4f1298c6229a60a4d9,e770b3cdf32a786edf0922d49788dfe8b62644e476f7ab1199092a0c52aea328,,1565,524938,27606,321614,2064
1791195651501300387-7e8bb607,warm-17,pilot,warm,10000000,3eede4215f79db1b016aa1316edcab09878d9279a54d54f13a812b0639c144f2,SUCCESS,True,,888361,888808,True,,74de134cbcc8b87d4bca3fefecdfa092765e79a5fbe0c7302a2d0de97c7e7680,8c6982c975b37e823c79ce62ff67897f3ad31fce5d5ce3c83cb91e1c5a79b361,,1592,522018,40827,321158,2057
1791195657806571238-10797814,warm-18,pilot,warm,10000000,3eede4215f79db1b016aa1316edcab09878d9279a54d54f13a812b0639c144f2,SUCCESS,True,,939006,939420,True,,d4f5be7f7b0e09702402ab44c19d4dcbcd28f8cbcb80f6f3453a8230664592a3,f0c791e590396fe9fd9a34ce774f32e9ec381eb183c52da64fdfc668431de530,,1565,525105,86705,322758,2144
1791195664176658871-cad9b914,warm-19,pilot,warm,10000000,3eede4215f79db1b016aa1316edcab09878d9279a54d54f13a812b0639c144f2,SUCCESS,True,,868084,868505,True,,5957b7b6809f5c046ede5ab76f2359b4ccf6b43775205a95326b7ff5afde2fea,2e9073d4813f8f38263c1e9fb4132748392a3ae9371c0cebc76f5b90b53c0f3a,,1532,525027,17665,321005,2120
1791195670395134902-4d2d59a2,warm-20,pilot,warm,10000000,3eede4215f79db1b016aa1316edcab09878d9279a54d54f13a812b0639c144f2,SUCCESS,True,,865102,865543,True,,1ed6bbd5194b8b109670133b217a10607aae243fb35211f0856ec0cccf6bbe20,56c13bae3ef0c149094b822040c7580d313a5ddeb169f93da0e566641b0b854e,,1575,520824,17737,321874,2132
1791195691375657852-757482b2,warm-21,pilot,warm,10000000,3eede4215f79db1b016aa1316edcab09878d9279a54d54f13a812b0639c144f2,SUCCESS,True,,862277,862736,True,,8db28cbdd418e9d05690d5dcc37c8b3b91cee386aa07fdde508968a051e2da72,cca180862d3f6164ced48f840aad4b138e3ea15e135c520e58fd30191f276f12,,1510,519522,16932,321528,2061
1791195698633523359-223425bd,warm-22,pilot,warm,10000000,3eede4215f79db1b016aa1316edcab09878d9279a54d54f13a812b0639c144f2,SUCCESS,True,,871532,871955,True,,481d7a02c96b01774fef98e57266c81361d61d39152bcd930bbc716c30f4ef2c,11b860c36eb76d9bf0b410a4a93d95f47094203bcd49d0baf5358abc25485a52,,1530,522254,21873,323042,2057
1791195704791618883-44096212,warm-23,pilot,warm,10000000,3eede4215f79db1b016aa1316edcab09878d9279a54d54f13a812b0639c144f2,SUCCESS,True,,869807,870221,True,,42e9b3b5c68f7569c411bac31731d68e387f54ab26d0629af7e017df0c158b01,0e45e54fc3e11ee22c5f7707725b97c7401587245401b065c9dbbed38373d372,,1609,523834,19521,322018,2100
1791195711204880099-7f92aa7e,warm-24,pilot,warm,10000000,3eede4215f79db1b016aa1316edcab09878d9279a54d54f13a812b0639c144f2,SUCCESS,True,,865920,866374,True,,7afa2e5d0caf5aca9ca163db99d594952fff3d1f0001f8716eccbe2f2cfcfe15,b2706edcbe70bf55803b918721f70f262cb28442c755e3b72e4a8a7f7a5f65ca,,1566,520113,19137,322262,2119
1791195763207895204-1b33eedf,warm-25,pilot,warm,10000000,3eede4215f79db1b016aa1316edcab09878d9279a54d54f13a812b0639c144f2,SUCCESS,True,,863668,864083,True,,01bca48ef2f516d890aafc7a119f7a052b477f97ebb8ee2dbb7079249887abdf,3c5345387186adaf03d342913731fecd7d56d6b54ebdd492d82b0c101168c0d8,,1528,520431,16827,322045,2130
1791195827306490812-77fbe4a2,warm-26,pilot,warm,10000000,3eede4215f79db1b016aa1316edcab09878d9279a54d54f13a812b0639c144f2,SUCCESS,True,,876188,876606,True,,eb7a526ad25461e99178f749fce8a5812ca0885c6835190d3927cae9b623ede4,3666ff2b9dd8110dee97dfd28b2e95f989dd2486055671aa019b87a619cd5aaa,,1595,520076,30449,321244,2095
1791195833474042839-d87eebd5,warm-27,pilot,warm,10000000,3eede4215f79db1b016aa1316edcab09878d9279a54d54f13a812b0639c144f2,SUCCESS,True,,874885,875330,True,,bf1a0e09860eec1d60d8dee846ad7b91d75093a7827932164ff3ff7fdc98e2bd,fd665cb0dcc4f1ade66bb90e9bcbc6889d40d759339c0099d9792255b4caae7f,,1599,520866,28687,320817,2193
1791195839884421730-da1437cc,warm-28,pilot,warm,10000000,3eede4215f79db1b016aa1316edcab09878d9279a54d54f13a812b0639c144f2,SUCCESS,True,,863975,864392,True,,011f25c134f431cfb8e96aaa1e8f1d512ff77f7bf6638ad07dab256ea7557b8d,d7029a054104f37dd2502e58524e38d642f6808431feb6a225303f3c3758c94b,,1498,520410,17684,321559,2133
1791195846039086754-0d30c6aa,warm-29,pilot,warm,10000000,3eede4215f79db1b016aa1316edcab09878d9279a54d54f13a812b0639c144f2,SUCCESS,True,,875751,876166,True,,d2bc3b054bac77266e4fbf6f9baf9bad4c386f333c97fa5819df3a46f07a643c,b0698ac54246ab30fe4f9220ebe6dc9b94e77694a85e2720660e267e3795f28f,,2002,531915,17121,321806,2071
1791195852177398704-d68ef1c7,warm-30,pilot,warm,10000000,3eede4215f79db1b016aa1316edcab09878d9279a54d54f13a812b0639c144f2,SUCCESS,True,,866466,866879,True,,9bc9250af4dc542f09c7b9f36ecefa887311df0889d1740b614e840087a8d80c,acbdc44b953ac16e693ba94d13b6401a7011f5d9bc550ae4565d606c22e9bf89,,1577,521234,19368,321519,2090
1791195879335726741-4b3aad16,large-warm-01,large,warm,10000000,3eede4215f79db1b016aa1316edcab09878d9279a54d54f13a812b0639c144f2,SUCCESS,True,,8046258,8046695,True,,0176925a54825e69aaab6c4ce4c72cc183d5f1ef232d98f0bf67c030bc0693cb,44b245817cb2e27f21d2d61cafa5a9ae34747c0d5f5abc62ace0a0e834cf6138,,1501,4667037,202626,3172361,2055
1791195894119835709-bbc08236,large-warm-02,large,warm,10000000,3eede4215f79db1b016aa1316edcab09878d9279a54d54f13a812b0639c144f2,SUCCESS,True,,7873759,7874193,True,,2b2a5809c8f2516dee32214415d7ed7f3f36d3a1eeda5315c6188c44e4ea457d,1dbe1efea9de7c55e59f5c2a01de010e765036c68148c103307df7a84e35f2e9,,1519,4697835,13832,3157777,2075
1791195908685256828-ad4850a6,large-warm-03,large,warm,10000000,3eede4215f79db1b016aa1316edcab09878d9279a54d54f13a812b0639c144f2,SUCCESS,True,,7913487,7913904,True,,5da670531810eefef549db80f1d21b4566826fd0fb9c3fbca90d8cf97e1eaa63,d003b8a3ddd16c6e720c7d028f31591ec93fbfeb1f2f3572d977ec6743f9af49,,1513,4737450,14552,3156996,2137
1791195923322527289-491fcddb,large-warm-04,large,warm,10000000,3eede4215f79db1b016aa1316edcab09878d9279a54d54f13a812b0639c144f2,SUCCESS,True,,7831381,7831799,True,,55023d55734e63c5fdec707f7a65c158efc08508eb072ef0532175303f48c386,bb1e034104668096c0b07c9ff772533c901667ea0bc8b36aeb61feaa121bf90c,,1617,4635893,26456,3164502,2169
1791195939550268668-511f1b04,large-warm-05,large,warm,10000000,3eede4215f79db1b016aa1316edcab09878d9279a54d54f13a812b0639c144f2,SUCCESS,True,,7888705,7889122,True,,492acbc1a3030ad28d67a95b4a4958ef441a1ba11a3925f6ce148ba7f75238aa,2e9f7ba6de70b0e241a3b0fc8ae5c1e554bee856680fdda1ebb49f3397861499,,1606,4705969,15121,3163225,2054
1791195972488519495-47574f68,wal-warm-01,wal,warm,10000000,3eede4215f79db1b016aa1316edcab09878d9279a54d54f13a812b0639c144f2,SUCCESS,True,,873166,873586,True,,a4a997cf553183bd38376204f49ed4b120b4744ffa0376658343a69bedc75674,995e2dcbfcb0bde40692ef5aae7677d318a19f3996c6c7489598846e171c246b,,1504,531455,15379,322058,2068
1791195978803316016-4af44b74,wal-warm-02,wal,warm,10000000,3eede4215f79db1b016aa1316edcab09878d9279a54d54f13a812b0639c144f2,SUCCESS,True,,875133,875581,True,,153346be155ebe16cca1e624c6b35284d28f2f990faa3b24e92ffd00194c3c4a,59fafd8c5ba90c7c57ae82ace571e55d80fe6b3ae308a293c95c8b93e7478528,,1577,531393,13881,325428,2141
1791195985086038051-7fcb777a,wal-warm-03,wal,warm,10000000,3eede4215f79db1b016aa1316edcab09878d9279a54d54f13a812b0639c144f2,SUCCESS,True,,874592,875045,True,,cb47ebe84a2d10bba006b04d9cf30c3a83fcff279faac67ad595e4ddaf1b4498,798b5ce6c0e7a85e610edb43e4b44663ae57a08c60982fe9581c0e99e95ac29b,,1528,536702,11763,321827,2075
1791195991391615984-b47fd248,wal-warm-04,wal,warm,10000000,3eede4215f79db1b016aa1316edcab09878d9279a54d54f13a812b0639c144f2,SUCCESS,True,,870336,870753,True,,7b69f5870f17d3ada0dd532d8bef6dd85a9116cb1f69cb91ed959f44dda72d73,c859d58b150a13f9430627018478842caf47741d3863978a747fb24b43a37f36,,1575,530372,10992,324524,2123
1791195997730002462-0cb2cc0f,wal-warm-05,wal,warm,10000000,3eede4215f79db1b016aa1316edcab09878d9279a54d54f13a812b0639c144f2,SUCCESS,True,,873771,874318,True,,f354096a27c45e4c2dcb3d0e2bde057ce3b24c23cc53594a2c6593f4b7ab622c,3eac3e87d422fb6e7db6d97265a8cdc7eb8400c6ff38f0442d19e792cbe0f833,,1594,533265,11417,324709,2094
1791196037471189407-d59c1de7,reboot-01,pilot,reboot,10000000,3eede4215f79db1b016aa1316edcab09878d9279a54d54f13a812b0639c144f2,SUCCESS,False,unplanned_power_cycle,1524645,1525167,True,,6b28fb25dcc4f54753e857d7214c7784469d12165a24d17d30f193a9d78469cf,55751bf6733e7fcb1d8ffae57a20d0f5cb65d9ea55ebc9c460c836ff34e9ef9e,,5162,1143667,24350,348102,2604
1791200146673620204-d51c4de6,reboot-02,pilot,reboot,10000000,3eede4215f79db1b016aa1316edcab09878d9279a54d54f13a812b0639c144f2,SUCCESS,True,,1416571,1417128,True,,de4c393f1849e762f40e4b257cc83023c60985996b6a8b89a370c0b35a65c7f2,511fca041437370c9b757d3e63614295b8f48cc1433e47547e49dd4845da4436,,7218,1058170,19630,328214,2544
1791200282763588075-1c29e672,reboot-03,pilot,reboot,10000000,3eede4215f79db1b016aa1316edcab09878d9279a54d54f13a812b0639c144f2,SUCCESS,True,,1336821,1337297,True,,99c1e653db7dd6cc5f2d8e915fe5195b9ff0771d71ea4c92be2669fe28190510,f10a7a310df1e2106819a3c1618f81c969559f7f73bea02630f479f363a0de86,,5712,962811,35416,329787,2335
1791200355283753221-e7c75edd,reboot-04,pilot,reboot,10000000,3eede4215f79db1b016aa1316edcab09878d9279a54d54f13a812b0639c144f2,SUCCESS,True,,1333113,1333613,True,,1b6571454fb1dcbe588fd5662fdfe9820cc9de9bd99ebc4d74b13db401e80aae,93ae65390bc136ef342ce7d2156408e5184de74b7022595e72e3e649810a26a4,,11709,971190,20888,326012,2499
1791200447687585500-14dd309b,reboot-05,pilot,reboot,10000000,3eede4215f79db1b016aa1316edcab09878d9279a54d54f13a812b0639c144f2,SUCCESS,True,,1325286,1325739,True,,4d2fdfa804a544ff4efc7431bcda99e73e88a8177075b7aee3999f91a173d290,d621e845a84921dad7401306b1461a56342de03e88860c3b4d7cbf569b993c1d,,8715,966279,19171,327910,2494
1791200519783508088-6ae3add0,reboot-06,pilot,reboot,10000000,3eede4215f79db1b016aa1316edcab09878d9279a54d54f13a812b0639c144f2,SUCCESS,False,unplanned_power_cycle,1559578,1560047,True,,a97b6f292ae70f0cf5f7dc78299bd3eea0bd4708d24e096c7722be7308b6be7b,d7bf26c2852a39e6b6f1e720ba2fb0fa6e604c3054ab6b5f213571fa3a0bf8ff,,5836,1168170,35936,346226,2519
1791203143780474445-0109d660,cold-01,pilot,cold,10000000,3eede4215f79db1b016aa1316edcab09878d9279a54d54f13a812b0639c144f2,SUCCESS,True,,1293443,1293933,True,True,7d1d17806b63790516793eaba7b515188f53c1e44027c8721ddc2f17ec2e7615,3eae22a1f2358a3bf4dbd3f66a8e45def2a6204262f38c65376170fde2fe3f06,f14807f6247de35dd022e37170f35d794827746cd4656fb1b6487a4b8a24c486,6895,932482,18867,331508,2738
1791203468160018163-d2e4fca8,reboot-07,pilot,reboot,10000000,3eede4215f79db1b016aa1316edcab09878d9279a54d54f13a812b0639c144f2,SUCCESS,True,,1358695,1359224,True,,dcd7a1f069ac637cec85508c2747b72a92266c067aaac2b1f76a733d48db7631,589c3b51fa95f9534c90234be625e9d21aff1f35e94686feb107a9382ff99b0c,,7257,988960,31245,327785,2583
1791203539019945105-f2b437a7,reboot-08,pilot,reboot,10000000,3eede4215f79db1b016aa1316edcab09878d9279a54d54f13a812b0639c144f2,SUCCESS,True,,1376970,1377506,True,,06cd0e3b1efaf4c8e8b75ec2b0c2d279a5f4fde1ed3740b595e9bedf93e85343,845e75aa24dbc83da05db4892f82d91616227d06d4dc593843f0b51d2759bda4,,11679,1005195,28247,328436,2535
1791203654331721043-57459eb3,reboot-09,pilot,reboot,10000000,3eede4215f79db1b016aa1316edcab09878d9279a54d54f13a812b0639c144f2,SUCCESS,True,,1407657,1408208,True,,e273d3c955f0abc53d93e48f2bd1756aacf95c2223777fcc70fe39f6265790ff,df2e0f76fd24735eaa08bef4813f196e70ab26734e033f72db5c38dfce28e2a2,,11543,1038084,28075,326428,2670
1791203723734946905-e823e13a,reboot-10,pilot,reboot,10000000,3eede4215f79db1b016aa1316edcab09878d9279a54d54f13a812b0639c144f2,SUCCESS,True,,1471062,1471617,True,,4ed3cf8ba62407dddb7736fbd299ad971fe5233fba091bd12da4207866fe7dc4,9d08ecf97b05ed83c39d1d076864555f89bdb5c43fed69d8a6f8385c0a3f97ea,,11648,1108205,21217,326458,2710
1791203830263832210-3caa220c,large-reboot-01,large,reboot,10000000,3eede4215f79db1b016aa1316edcab09878d9279a54d54f13a812b0639c144f2,PERSISTENCE_STARTUP_INCOMPLETE,False,censored_at_observation_cap,,10010311,True,,0025596d23c8242cc60701569a2a1f72c48fe17a5b09707d9214dda3ba2d0cf3,624dc5b9e4593966564ec1169cbb485ab08fb794bc89d39e49ec647e7cc21816,,11667,7611146,21224,,
1791205351897979505-89f24126,extended-60s-large-reboot-01,large,reboot,60000000,44abb5d2ce4e4a843e11230e86c6aeacc243fff3a8a9f2571940919d876226fb,SUCCESS,False,unplanned_power_cycle,10908745,10909231,True,,ed2edb9f1547dc6a84f2d1ee0f7836f315ce087a730f6194dfd29448bf2273ac,8f74fbaa434e84424f156ccf803561be1b1f23787a50fc91a3e474b0e3e2aecc,,14574,7612640,20728,3257460,2540
1791295410978078696-333e2534,resumed-60s-original-large-reboot-01,large,reboot,60000000,44abb5d2ce4e4a843e11230e86c6aeacc243fff3a8a9f2571940919d876226fb,SUCCESS,True,,10890700,10891184,True,,2cf9df96d2c39ba71462bc3df862997cce8dbe66eae75aea8d9b63ef6ec1c2c6,067b80949c13740fb35bd25f373ed3a15aaeb7ae69e1fb6ededcf0f0fb18f299,,6899,7606376,21761,3252558,2227
1791295517821629263-7d7f0423,resumed-60s-original-large-reboot-02,large,reboot,60000000,44abb5d2ce4e4a843e11230e86c6aeacc243fff3a8a9f2571940919d876226fb,SUCCESS,True,,10904618,10905095,True,,407a48c04de4fb6a5671e8cdf9140260012576971058a2deb762eaeb83934324,61ff48994b01df6a267750181ba179ada568ca7244842e15e409980665957dd0,,6852,7603081,31597,3259992,2237
1791295612083079690-46f2b128,resumed-60s-original-large-reboot-03,large,reboot,60000000,44abb5d2ce4e4a843e11230e86c6aeacc243fff3a8a9f2571940919d876226fb,SUCCESS,True,,10883272,10883699,True,,bd9d917dea081e70f094f766abb43a9413a62139e8008007b3390b81643446d8,353df4cab0cfbfcedddd6f478645b328f84a0b1e27a35d719de8dc4c934470df,,13723,7586618,30779,3248975,2313
1791297276008503911-e319cf9f,resumed-60s-original-large-cold-01,large,cold,60000000,44abb5d2ce4e4a843e11230e86c6aeacc243fff3a8a9f2571940919d876226fb,SUCCESS,True,,10911303,10911827,True,True,e13b0cf635eddc3804e3365a29fcb741327148d8be3e01838618fb0895d38a1f,66ce8992b06922414fee2dca2ac861c62cd05133948dcaeccc04b132ffafd107,bb2a66378723d1ffe647369a30c4deebc7b940a3b98365a28d8737760da6ee27,5531,7626431,21493,3254899,2183
1791298032353560985-556963ef,resumed-60s-original-large-cold-02,large,cold,60000000,44abb5d2ce4e4a843e11230e86c6aeacc243fff3a8a9f2571940919d876226fb,SUCCESS,True,,11062963,11063441,True,True,ab61a3f9d1a560223a9862bcb180e9ff30e102a4022dd3c8680b3524f2b72222,32172bd6a887eafe56fc2bf3980f9332907d692c2f5e13a2dcfe5245991d53d3,a7bb65edb9246e93ab20cd8df022bd253811941f7dc3fa5121cca831b71ea2fe,2595,7794870,15853,3246619,2259
1791298374187544874-3ff05de5,resumed-60s-original-large-cold-03,large,cold,60000000,44abb5d2ce4e4a843e11230e86c6aeacc243fff3a8a9f2571940919d876226fb,SUCCESS,True,,10869173,10869643,True,True,b6eb1f908d3bee587612059ee2280aba03eaaab9d423f187978379c52e336521,77d4a62363a07ade87de8a8ccc062cc51cdd246851bce99eb4849be053c85f73,d6fa32fa05526303733dcbd9b03ea306cc45c46cc55813d1d0afd0902a5eb9f6,7051,7583616,21094,3254297,2314
1791298739615600951-955dacad,resumed-60s-original-large-cold-04,large,cold,60000000,44abb5d2ce4e4a843e11230e86c6aeacc243fff3a8a9f2571940919d876226fb,SUCCESS,True,,11109632,11110120,True,True,269c679adae42a62a01a3e06023b7d9705dfdd87705d78dceb08c018e97d4f7d,153d851eda7d48352708af732b622da6638b3c05900ac1aedc7fb5b9b572f539,2202899b37f84972a6e4026fa176338218037e44750b52d2b79a4a7763da855a,16679,7817020,26706,3246142,2286
1791299062215180704-44b3e5c4,resumed-60s-original-large-cold-05,large,cold,60000000,44abb5d2ce4e4a843e11230e86c6aeacc243fff3a8a9f2571940919d876226fb,SUCCESS,True,,10965976,10966419,True,True,544a5e418a1066c5f063e59a27691096e35008c5f15dae02b1ad1c09581566f5,4c0de69568d5b4d642df04ee5947e5a9306a3a5fbfd5b9487aba530bcfce2517,844b3ed14c6101b8070190b18b389cec4aeb550653747300e60b34463523f4ab,14827,7647163,35771,3265062,2239
